{
  "ABIRoot": {
    "kind": "Root",
    "name": "TopLevel",
    "printedName": "TopLevel",
    "children": [
      {
        "kind": "Import",
        "name": "Foundation",
        "printedName": "Foundation",
        "declKind": "Import",
        "moduleName": "RxBlocking",
        "declAttributes": [
          "RawDocComment"
        ]
      },
      {
        "kind": "Import",
        "name": "CoreFoundation",
        "printedName": "CoreFoundation",
        "declKind": "Import",
        "moduleName": "RxBlocking",
        "declAttributes": [
          "RawDocComment"
        ]
      },
      {
        "kind": "Import",
        "name": "Foundation",
        "printedName": "Foundation",
        "declKind": "Import",
        "moduleName": "RxBlocking"
      },
      {
        "kind": "Import",
        "name": "RxSwift",
        "printedName": "RxSwift",
        "declKind": "Import",
        "moduleName": "RxBlocking"
      },
      {
        "kind": "Import",
        "name": "Foundation",
        "printedName": "Foundation",
        "declKind": "Import",
        "moduleName": "RxBlocking",
        "declAttributes": [
          "RawDocComment"
        ]
      },
      {
        "kind": "Import",
        "name": "RxSwift",
        "printedName": "RxSwift",
        "declKind": "Import",
        "moduleName": "RxBlocking"
      },
      {
        "kind": "TypeDecl",
        "name": "BlockingObservable",
        "printedName": "BlockingObservable",
        "children": [
          {
            "kind": "Function",
            "name": "toArray",
            "printedName": "toArray()",
            "children": [
              {
                "kind": "TypeNominal",
                "name": "Array",
                "printedName": "[τ_0_0]",
                "children": [
                  {
                    "kind": "TypeNominal",
                    "name": "GenericTypeParam",
                    "printedName": "τ_0_0"
                  }
                ],
                "usr": "s:Sa"
              }
            ],
            "declKind": "Func",
            "usr": "s:10RxBlocking0B10ObservableV7toArraySayxGyKF",
            "mangledName": "$s10RxBlocking0B10ObservableV7toArraySayxGyKF",
            "moduleName": "RxBlocking",
            "genericSig": "<τ_0_0>",
            "sugared_genericSig": "<Element>",
            "declAttributes": [
              "AccessControl",
              "RawDocComment"
            ],
            "isFromExtension": true,
            "throwing": true,
            "funcSelfKind": "NonMutating"
          },
          {
            "kind": "Function",
            "name": "first",
            "printedName": "first()",
            "children": [
              {
                "kind": "TypeNominal",
                "name": "Optional",
                "printedName": "τ_0_0?",
                "children": [
                  {
                    "kind": "TypeNominal",
                    "name": "GenericTypeParam",
                    "printedName": "τ_0_0"
                  }
                ],
                "usr": "s:Sq"
              }
            ],
            "declKind": "Func",
            "usr": "s:10RxBlocking0B10ObservableV5firstxSgyKF",
            "mangledName": "$s10RxBlocking0B10ObservableV5firstxSgyKF",
            "moduleName": "RxBlocking",
            "genericSig": "<τ_0_0>",
            "sugared_genericSig": "<Element>",
            "declAttributes": [
              "AccessControl",
              "RawDocComment"
            ],
            "isFromExtension": true,
            "throwing": true,
            "funcSelfKind": "NonMutating"
          },
          {
            "kind": "Function",
            "name": "last",
            "printedName": "last()",
            "children": [
              {
                "kind": "TypeNominal",
                "name": "Optional",
                "printedName": "τ_0_0?",
                "children": [
                  {
                    "kind": "TypeNominal",
                    "name": "GenericTypeParam",
                    "printedName": "τ_0_0"
                  }
                ],
                "usr": "s:Sq"
              }
            ],
            "declKind": "Func",
            "usr": "s:10RxBlocking0B10ObservableV4lastxSgyKF",
            "mangledName": "$s10RxBlocking0B10ObservableV4lastxSgyKF",
            "moduleName": "RxBlocking",
            "genericSig": "<τ_0_0>",
            "sugared_genericSig": "<Element>",
            "declAttributes": [
              "AccessControl",
              "RawDocComment"
            ],
            "isFromExtension": true,
            "throwing": true,
            "funcSelfKind": "NonMutating"
          },
          {
            "kind": "Function",
            "name": "single",
            "printedName": "single()",
            "children": [
              {
                "kind": "TypeNominal",
                "name": "GenericTypeParam",
                "printedName": "τ_0_0"
              }
            ],
            "declKind": "Func",
            "usr": "s:10RxBlocking0B10ObservableV6singlexyKF",
            "mangledName": "$s10RxBlocking0B10ObservableV6singlexyKF",
            "moduleName": "RxBlocking",
            "genericSig": "<τ_0_0>",
            "sugared_genericSig": "<Element>",
            "declAttributes": [
              "AccessControl",
              "RawDocComment"
            ],
            "isFromExtension": true,
            "throwing": true,
            "funcSelfKind": "NonMutating"
          },
          {
            "kind": "Function",
            "name": "single",
            "printedName": "single(_:)",
            "children": [
              {
                "kind": "TypeNominal",
                "name": "GenericTypeParam",
                "printedName": "τ_0_0"
              },
              {
                "kind": "TypeFunc",
                "name": "Function",
                "printedName": "(τ_0_0) throws -> Swift.Bool",
                "children": [
                  {
                    "kind": "TypeNominal",
                    "name": "Bool",
                    "printedName": "Swift.Bool",
                    "usr": "s:Sb"
                  },
                  {
                    "kind": "TypeNominal",
                    "name": "GenericTypeParam",
                    "printedName": "τ_0_0"
                  }
                ]
              }
            ],
            "declKind": "Func",
            "usr": "s:10RxBlocking0B10ObservableV6singleyxSbxKcKF",
            "mangledName": "$s10RxBlocking0B10ObservableV6singleyxSbxKcKF",
            "moduleName": "RxBlocking",
            "genericSig": "<τ_0_0>",
            "sugared_genericSig": "<Element>",
            "declAttributes": [
              "AccessControl",
              "RawDocComment"
            ],
            "isFromExtension": true,
            "throwing": true,
            "funcSelfKind": "NonMutating"
          },
          {
            "kind": "Function",
            "name": "materialize",
            "printedName": "materialize()",
            "children": [
              {
                "kind": "TypeNominal",
                "name": "MaterializedSequenceResult",
                "printedName": "RxBlocking.MaterializedSequenceResult<τ_0_0>",
                "children": [
                  {
                    "kind": "TypeNominal",
                    "name": "GenericTypeParam",
                    "printedName": "τ_0_0"
                  }
                ],
                "usr": "s:10RxBlocking26MaterializedSequenceResultO"
              }
            ],
            "declKind": "Func",
            "usr": "s:10RxBlocking0B10ObservableV11materializeAA26MaterializedSequenceResultOyxGyF",
            "mangledName": "$s10RxBlocking0B10ObservableV11materializeAA26MaterializedSequenceResultOyxGyF",
            "moduleName": "RxBlocking",
            "genericSig": "<τ_0_0>",
            "sugared_genericSig": "<Element>",
            "declAttributes": [
              "AccessControl",
              "RawDocComment"
            ],
            "isFromExtension": true,
            "funcSelfKind": "NonMutating"
          }
        ],
        "declKind": "Struct",
        "usr": "s:10RxBlocking0B10ObservableV",
        "mangledName": "$s10RxBlocking0B10ObservableV",
        "moduleName": "RxBlocking",
        "genericSig": "<τ_0_0>",
        "sugared_genericSig": "<Element>",
        "declAttributes": [
          "AccessControl",
          "RawDocComment"
        ]
      },
      {
        "kind": "Import",
        "name": "RxSwift",
        "printedName": "RxSwift",
        "declKind": "Import",
        "moduleName": "RxBlocking",
        "declAttributes": [
          "RawDocComment"
        ]
      },
      {
        "kind": "TypeDecl",
        "name": "MaterializedSequenceResult",
        "printedName": "MaterializedSequenceResult",
        "children": [
          {
            "kind": "Var",
            "name": "completed",
            "printedName": "completed",
            "children": [
              {
                "kind": "TypeFunc",
                "name": "GenericFunction",
                "printedName": "<τ_0_0> (RxBlocking.MaterializedSequenceResult<τ_0_0>.Type) -> ([τ_0_0]) -> RxBlocking.MaterializedSequenceResult<τ_0_0>",
                "children": [
                  {
                    "kind": "TypeFunc",
                    "name": "Function",
                    "printedName": "([τ_0_0]) -> RxBlocking.MaterializedSequenceResult<τ_0_0>",
                    "children": [
                      {
                        "kind": "TypeNominal",
                        "name": "MaterializedSequenceResult",
                        "printedName": "RxBlocking.MaterializedSequenceResult<τ_0_0>",
                        "children": [
                          {
                            "kind": "TypeNominal",
                            "name": "GenericTypeParam",
                            "printedName": "τ_0_0"
                          }
                        ],
                        "usr": "s:10RxBlocking26MaterializedSequenceResultO"
                      },
                      {
                        "kind": "TypeNominal",
                        "name": "Tuple",
                        "printedName": "(elements: [τ_0_0])",
                        "children": [
                          {
                            "kind": "TypeNominal",
                            "name": "Array",
                            "printedName": "[τ_0_0]",
                            "children": [
                              {
                                "kind": "TypeNominal",
                                "name": "GenericTypeParam",
                                "printedName": "τ_0_0"
                              }
                            ],
                            "usr": "s:Sa"
                          }
                        ]
                      }
                    ]
                  },
                  {
                    "kind": "TypeNominal",
                    "name": "Metatype",
                    "printedName": "RxBlocking.MaterializedSequenceResult<τ_0_0>.Type",
                    "children": [
                      {
                        "kind": "TypeNominal",
                        "name": "MaterializedSequenceResult",
                        "printedName": "RxBlocking.MaterializedSequenceResult<τ_0_0>",
                        "children": [
                          {
                            "kind": "TypeNominal",
                            "name": "GenericTypeParam",
                            "printedName": "τ_0_0"
                          }
                        ],
                        "usr": "s:10RxBlocking26MaterializedSequenceResultO"
                      }
                    ]
                  }
                ]
              }
            ],
            "declKind": "EnumElement",
            "usr": "s:10RxBlocking26MaterializedSequenceResultO9completedyACyxGSayxG_tcAEmlF",
            "mangledName": "$s10RxBlocking26MaterializedSequenceResultO9completedyACyxGSayxG_tcAEmlF",
            "moduleName": "RxBlocking",
            "fixedbinaryorder": 0
          },
          {
            "kind": "Var",
            "name": "failed",
            "printedName": "failed",
            "children": [
              {
                "kind": "TypeFunc",
                "name": "GenericFunction",
                "printedName": "<τ_0_0> (RxBlocking.MaterializedSequenceResult<τ_0_0>.Type) -> ([τ_0_0], any Swift.Error) -> RxBlocking.MaterializedSequenceResult<τ_0_0>",
                "children": [
                  {
                    "kind": "TypeFunc",
                    "name": "Function",
                    "printedName": "([τ_0_0], any Swift.Error) -> RxBlocking.MaterializedSequenceResult<τ_0_0>",
                    "children": [
                      {
                        "kind": "TypeNominal",
                        "name": "MaterializedSequenceResult",
                        "printedName": "RxBlocking.MaterializedSequenceResult<τ_0_0>",
                        "children": [
                          {
                            "kind": "TypeNominal",
                            "name": "GenericTypeParam",
                            "printedName": "τ_0_0"
                          }
                        ],
                        "usr": "s:10RxBlocking26MaterializedSequenceResultO"
                      },
                      {
                        "kind": "TypeNominal",
                        "name": "Tuple",
                        "printedName": "(elements: [τ_0_0], error: any Swift.Error)",
                        "children": [
                          {
                            "kind": "TypeNominal",
                            "name": "Array",
                            "printedName": "[τ_0_0]",
                            "children": [
                              {
                                "kind": "TypeNominal",
                                "name": "GenericTypeParam",
                                "printedName": "τ_0_0"
                              }
                            ],
                            "usr": "s:Sa"
                          },
                          {
                            "kind": "TypeNominal",
                            "name": "Error",
                            "printedName": "any Swift.Error",
                            "usr": "s:s5ErrorP"
                          }
                        ]
                      }
                    ]
                  },
                  {
                    "kind": "TypeNominal",
                    "name": "Metatype",
                    "printedName": "RxBlocking.MaterializedSequenceResult<τ_0_0>.Type",
                    "children": [
                      {
                        "kind": "TypeNominal",
                        "name": "MaterializedSequenceResult",
                        "printedName": "RxBlocking.MaterializedSequenceResult<τ_0_0>",
                        "children": [
                          {
                            "kind": "TypeNominal",
                            "name": "GenericTypeParam",
                            "printedName": "τ_0_0"
                          }
                        ],
                        "usr": "s:10RxBlocking26MaterializedSequenceResultO"
                      }
                    ]
                  }
                ]
              }
            ],
            "declKind": "EnumElement",
            "usr": "s:10RxBlocking26MaterializedSequenceResultO6failedyACyxGSayxG_s5Error_ptcAEmlF",
            "mangledName": "$s10RxBlocking26MaterializedSequenceResultO6failedyACyxGSayxG_s5Error_ptcAEmlF",
            "moduleName": "RxBlocking",
            "fixedbinaryorder": 1
          }
        ],
        "declKind": "Enum",
        "usr": "s:10RxBlocking26MaterializedSequenceResultO",
        "mangledName": "$s10RxBlocking26MaterializedSequenceResultO",
        "moduleName": "RxBlocking",
        "genericSig": "<τ_0_0>",
        "sugared_genericSig": "<T>",
        "declAttributes": [
          "AccessControl",
          "Frozen",
          "RawDocComment"
        ],
        "isEnumExhaustive": true
      },
      {
        "kind": "Import",
        "name": "RxSwift",
        "printedName": "RxSwift",
        "declKind": "Import",
        "moduleName": "RxBlocking",
        "declAttributes": [
          "RawDocComment"
        ]
      },
      {
        "kind": "Import",
        "name": "Foundation",
        "printedName": "Foundation",
        "declKind": "Import",
        "moduleName": "RxBlocking"
      },
      {
        "kind": "Import",
        "name": "RxSwift",
        "printedName": "RxSwift",
        "declKind": "Import",
        "moduleName": "RxBlocking",
        "declAttributes": [
          "RawDocComment"
        ]
      },
      {
        "kind": "Import",
        "name": "Darwin",
        "printedName": "Darwin",
        "declKind": "Import",
        "moduleName": "RxBlocking"
      },
      {
        "kind": "Import",
        "name": "Foundation",
        "printedName": "Foundation",
        "declKind": "Import",
        "moduleName": "RxBlocking"
      },
      {
        "kind": "Import",
        "name": "Foundation",
        "printedName": "Foundation",
        "declKind": "Import",
        "moduleName": "RxBlocking",
        "declAttributes": [
          "RawDocComment"
        ]
      },
      {
        "kind": "TypeDecl",
        "name": "ObservableConvertibleType",
        "printedName": "ObservableConvertibleType",
        "children": [
          {
            "kind": "Function",
            "name": "toBlocking",
            "printedName": "toBlocking(timeout:)",
            "children": [
              {
                "kind": "TypeNominal",
                "name": "BlockingObservable",
                "printedName": "RxBlocking.BlockingObservable<τ_0_0.Element>",
                "children": [
                  {
                    "kind": "TypeNominal",
                    "name": "DependentMember",
                    "printedName": "τ_0_0.Element"
                  }
                ],
                "usr": "s:10RxBlocking0B10ObservableV"
              },
              {
                "kind": "TypeNominal",
                "name": "Optional",
                "printedName": "Swift.Double?",
                "children": [
                  {
                    "kind": "TypeNominal",
                    "name": "Double",
                    "printedName": "Swift.Double",
                    "usr": "s:Sd"
                  }
                ],
                "hasDefaultArg": true,
                "usr": "s:Sq"
              }
            ],
            "declKind": "Func",
            "usr": "s:7RxSwift25ObservableConvertibleTypeP0A8BlockingE02toF07timeoutAD0fC0Vy7ElementQzGSdSg_tF",
            "mangledName": "$s7RxSwift25ObservableConvertibleTypeP0A8BlockingE02toF07timeoutAD0fC0Vy7ElementQzGSdSg_tF",
            "moduleName": "RxBlocking",
            "genericSig": "<τ_0_0 where τ_0_0 : RxSwift.ObservableConvertibleType>",
            "sugared_genericSig": "<Self where Self : RxSwift.ObservableConvertibleType>",
            "declAttributes": [
              "AccessControl",
              "RawDocComment"
            ],
            "isFromExtension": true,
            "funcSelfKind": "NonMutating"
          }
        ],
        "declKind": "Protocol",
        "usr": "s:7RxSwift25ObservableConvertibleTypeP",
        "mangledName": "$s7RxSwift25ObservableConvertibleTypeP",
        "moduleName": "RxSwift",
        "isExternal": true
      }
    ],
    "json_format_version": 8
  },
  "ConstValues": [
    {
      "filePath": "\/Users\/shaimi\/Work\/OSS\/RxSwift\/RxBlocking\/Platform\/AtomicInt.swift",
      "kind": "IntegerLiteral",
      "offset": 264,
      "length": 1,
      "value": "0"
    },
    {
      "filePath": "\/Users\/shaimi\/Work\/OSS\/RxSwift\/RxBlocking\/Platform\/AtomicInt.swift",
      "kind": "StringLiteral",
      "offset": 178,
      "length": 9,
      "value": "\"RxBlocking.AtomicInt\""
    },
    {
      "filePath": "\/Users\/shaimi\/Work\/OSS\/RxSwift\/RxBlocking\/RunLoopLock.swift",
      "kind": "IntegerLiteral",
      "offset": 613,
      "length": 1,
      "value": "0"
    },
    {
      "filePath": "\/Users\/shaimi\/Work\/OSS\/RxSwift\/RxBlocking\/RunLoopLock.swift",
      "kind": "IntegerLiteral",
      "offset": 647,
      "length": 1,
      "value": "0"
    },
    {
      "filePath": "\/Users\/shaimi\/Work\/OSS\/RxSwift\/RxBlocking\/BlockingObservable+Operators.swift",
      "kind": "BooleanLiteral",
      "offset": 3982,
      "length": 4,
      "value": "true"
    }
  ]
}